,Gender,Age,L_O_S,Peak_calls,Peak_mins,OffPeak_calls,OffPeak_mins,Weekend_calls,Weekend_mins,International_mins,Nat_call_cost
count,18550.0,18550.0,18550.0,18550.0,18550.0,18550.0,18550.0,18550.0,18550.0,18550.0,18550.0
mean,0.48210242587601077,31.506253369272237,33.71003234630728,39.7563971248877,118.7687644645283,17.356513926325245,51.6039524548248,2.790835579514825,8.356949256172507,28.292598336181495,2.944806828391734
std,0.4996930431644674,12.848471770507196,14.09397743146322,39.67766976132731,84.28997360834104,16.120243004019187,33.00393669162125,2.8368113592165165,6.097822789507765,23.488566650230414,4.593809460200139
min,0.0,12.0,9.533333,0.0,0.0,0.0,0.0,0.0,0.0,0.0018405,0.0
25%,0.0,22.0,21.333333,10.333333333333334,52.599999875,4.666666666666667,24.562500083333333,0.6666666666666666,3.6000001666666663,10.920083375,0.0
50%,0.0,30.0,33.666667,26.833333333333332,101.10000008333334,12.333333333333334,48.35,1.8333333333333333,7.316666833333333,22.397491333333335,1.0
75%,1.0,39.0,45.866667,56.333333333333336,169.3,25.833333333333332,73.800000125,4.0,12.200000000000001,39.35737391666667,4.333333333333333
max,1.0,82.0,58.2,287.5,483.60000016666663,105.66666666666667,191.0,20.666666666666668,33.70000016666667,169.136422,33.0
